295	"ligne"
260	"gare"
247	"dimanche"
218	"direction"
188	"situ\u00e9"
180	"fin"
174	"panne"
172	"raison"
172	"octobre"
170	"travaux"
164	"ferm\u00e9e"
138	"excuser"
137	"g\u00eane"
133	"occasionn\u00e9e"
128	"trafic"
111	"lundi"
110	"fr"
107	"viroflay"
106	"service"
104	"jeudi"
104	"arr\u00eat"
103	"site"
98	"ratp"
94	"rive"
93	"arr\u00eats"
91	"lignes"
89	"prions"
86	"rue"
81	"courses"
79	"\u00e9galement"
79	"soirs"
78	"vouloir"
74	"interrompusur"
71	"reporter"
69	"quai"
63	"mezzanine"
62	"surface"
60	"savoir"
57	"d\u00e9cembre"
53	"d\u00e9tails"
48	"https"
47	"samedi"
47	"gauche"
46	"vrg"
46	"mzb"
46	"journ\u00e9e"
46	"dimanches"
46	"desservis"
45	"septembre"
43	"vrd"
43	"mzh"
42	"saint"
42	"interrompu"
41	"ly"
41	"desservi"
41	"cutt"
39	"seine"
39	"place"
39	"novembre"
38	"manque"
36	"provisoire"
36	"indiqu\u00e9"
35	"veuillez"
35	"partir"
35	"cergy"
35	"avenue"
31	"voirie"
31	"montreuil"
30	"bus"
30	"annul\u00e9es"
28	"information"
26	"r\u00e9publique"
26	"r\u00e9alis\u00e9es"
24	"villenoy"
24	"sens"
24	"circulation"
23	"station"
23	"ao\u00fbt"
22	"val"
22	"pr\u00e9fecture"
22	"mercredi"
22	"issy"
21	"souterrain"
21	"puteaux"
21	"d\u00e9fense"
20	"paris"
20	"com"
19	"www"
19	"pi\u00e9ton"
19	"pierre"
19	"cheminement"
18	"verneuil"
18	"sbeznrkveuillez"
18	"retards"
18	"france"
18	"ex"
17	"lyc\u00e9e"
17	"invitons"
16	"vendredi"
16	"pr\u00e9voir"
16	"port"
16	"oise"
15	"travauxveuillez"
15	"poissy"
15	"juin"
15	"d\u00e9plac\u00e9"
14	"suivants"
14	"routi\u00e8re"
14	"report\u00e9"
14	"pontoise"
14	"maintenues"
14	"infotrafic"
14	"horaires"
14	"express"
14	"denis"
14	"croix"
14	"compr\u00e9hension"
14	"chatillon"
13	"versailles"
13	"uniquement"
13	"stivo"
13	"matin"
13	"mardi"
13	"informations"
13	"hautil"
12	"zbtjcbaveuillez"
12	"travauxnous"
12	"sites"
12	"san"
12	"ratpplus"
12	"quais"
12	"pratiques"
12	"porte"
12	"pole"
12	"passerelle"
12	"meaux"
12	"massy"
12	"itin\u00e9raires"
12	"idfm"
12	"gaulle"
12	"environnants"
12	"d\u00e9plac\u00e9s"
12	"charles"
12	"boulevards"
12	"applis"
12	"alternatifs"
11	"twitter"
11	"st"
11	"juillet"
11	"d\u00e9part"
11	"choisy"
10	"ursulines"
10	"travauxen"
10	"roi"
10	"robespierre"
10	"reportez"
10	"persan"
10	"inclus"
10	"fermeture"
10	"eglise"
10	"d\u00e9viation"
10	"bois"
10	"bel"
10	"assur\u00e9es"
10	"air"
10	"acc\u00e8s"
9	"vernouillet"
9	"roches"
9	"province"
9	"modifi\u00e9du"
9	"invers\u00e9"
9	"d\u00e9vi\u00e9e"
9	"cons\u00e9quence"
9	"consulter"
9	"compter"
9	"compte"
9	"cl\u00e8re"
9	"attribution"
8	"zone"
8	"temps"
8	"supprim\u00e9es"
8	"suivre"
8	"roissypoledu"
8	"point"
8	"passage"
8	"itin\u00e9raire"
8	"f\u00e9vrier"
8	"fiches"
8	"extr\u00eame"
8	"emile"
8	"dbemoxcveuillez"
8	"curie"
8	"cedres"
8	"beaumont"
8	"a\u00e9roportuaire"
7	"\u00e9boulement"
7	"r\u00e9el"
7	"qr"
7	"pr\u00e9sent"
7	"prochain"
7	"prise"
7	"passages"
7	"parc"
7	"ordre"
7	"nouvel"
7	"modifi\u00e9es"
7	"juvisy"
7	"invalides"
7	"infos"
7	"informons"
7	"flashant"
7	"finalement"
7	"ecquevilly"
7	"d\u00e9pose"
7	"dammartin"
7	"cousin"
7	"course"
7	"code"
7	"client\u00e8le"
7	"charge"
7	"avril"
7	"assur\u00e9s"
7	"aimable"
7	"adapt\u00e9snous"
7	"adapt\u00e9es"
6	"vert"
6	"suite"
6	"sud"
6	"salle"
6	"rougeau"
6	"report\u00e9s"
6	"remercions"
6	"p\u00e9dro"
6	"pedro"
6	"mise"
6	"mesnil"
6	"mairie"
6	"jussieu"
6	"jules"
6	"fiche"
6	"desservidu"
6	"daudet"
6	"croisement"
6	"construction"
6	"commune"
6	"boulevard"
6	"bernard"
6	"ar\u00e9nas"
6	"argenteuil"
6	"arenas"
6	"alphonse"
5	"villepinte"
5	"villeneuve"
5	"vente"
5	"valable"
5	"terminus"
5	"stade"
5	"r\u00e9paration"
5	"r\u00e9am\u00e9nagement"
5	"rungis"
5	"roissypole"
5	"rer"
5	"remplac\u00e9e"
5	"provisoirement"
5	"prison"
5	"plan"
5	"ouvrir"
5	"orgemont"
5	"normal"
5	"nord"
5	"noailles"
5	"niveau"
5	"nerval"
5	"nanteuil"
5	"mur"
5	"march\u00e9"
5	"malabry"
5	"louis"
5	"laye"
5	"jean"
5	"h\u00f4pital"
5	"henri"
5	"germain"
5	"georges"
5	"coudraie"
5	"corbusier"
5	"cons\u00e9quent"
5	"collot"
5	"college"
5	"cimeti\u00e8reen"
5	"chauss\u00e9e"
5	"chambourcy"
5	"centre"
5	"central"
5	"bureau"
5	"br\u00e9tigny"
4	"\u00eele"
4	"\u00e9piais"
4	"\u00e9cole"
4	"wilson"
4	"wallon"
4	"voies"
4	"verdun"
4	"vents"
4	"vanves"
4	"vall\u00e9e"
4	"uniquementen"
4	"tremblay"
4	"technique"
4	"souvenir"
4	"soir\u00e9epuis"
4	"soir\u00e9emerci"
4	"situ\u00e9e"
4	"sevran"
4	"semaine"
4	"sablons"
4	"r\u00e9novation"
4	"rosny"
4	"roseraie"
4	"report"
4	"raoul"
4	"provisoires"
4	"prolongement"
4	"peri"
4	"parinor"
4	"occasionn\u00e9een"
4	"mortefontaine"
4	"montagnettes"
4	"modifi\u00e9"
4	"minutes"
4	"mend\u00e8s"
4	"mars"
4	"malcolm"
4	"maillot"
4	"mai"
4	"louvres\u00e0"
4	"lesarr\u00eats"
4	"leclerc"
4	"lafarge"
4	"keolis"
4	"joliot"
4	"jaur\u00e8s"
4	"interrompue"
4	"internet"
4	"interdit"
4	"institut"
4	"hall"
4	"grand"
4	"goussainville"
4	"gabriel"
4	"francis"
4	"fontenay"
4	"ferry"
4	"fernand"
4	"d\u00e9vi\u00e9es"
4	"dur\u00e9e"
4	"dunant"
4	"draveil"
4	"dominique"
4	"division"
4	"delattre"
4	"debussy"
4	"danton"
4	"cr\u00e9gy"
4	"convention"
4	"cit\u00e9"
4	"charmeuse"
4	"chantiers"
4	"champrosay"
4	"carnot"
4	"camelinat"
4	"cachin"
4	"blatreux"
4	"bas"
4	"armand"
4	"amelot"
4	"acacias"
3	"villiers"
3	"valdemarne"
3	"travauxplus"
3	"suivantes"
3	"sal\u00e9"
3	"remplacement"
3	"orge"
3	"nuit"
3	"noisy"
3	"montrouge"
3	"montigny"
3	"melun"
3	"maroc"
3	"lazare"
3	"interm\u00e9diaire"
3	"info"
3	"essonne"
3	"d\u00e9finitivement"
3	"directions"
3	"c\u00f4t\u00e9"
3	"courcouronnes"
3	"ch\u00e2tillon"
3	"ch\u00e2tenay"
3	"chateau"
3	"bec"
3	"beaudottesdu"
3	"beauchamp"
3	"bailly"
3	"arpents"
3	"antoine"
2	"\u00e9change"
2	"za"
2	"yvelines"
2	"weddingen"
2	"voyageur"
2	"voisins"
2	"ville"
2	"viarmes"
2	"verri\u00e8re"
2	"verne"
2	"vaur\u00e9al"
2	"transdev"
2	"trains"
2	"tournan"
2	"temple"
2	"tabac"
2	"survilliers"
2	"status"
2	"stalingrad"
2	"stains"
2	"septemebre"
2	"savigny"
2	"sarcelles"
2	"samain"
2	"r\u00e9sidence"
2	"r\u00e9seaux"
2	"ruelle"
2	"richard"
2	"rg"
2	"reine"
2	"quentin"
2	"pressens\u00e9"
2	"pourra"
2	"populaire"
2	"piretins"
2	"perturbations"
2	"perturbation"
2	"perreux"
2	"paul"
2	"parvis"
2	"parmentier"
2	"palaiseau"
2	"nogent"
2	"m\u00e8tres"
2	"moissy"
2	"modification"
2	"mis"
2	"meulan"
2	"mendes"
2	"marie"
2	"marguerites"
2	"mantes"
2	"malakoff"
2	"maison"
2	"main"
2	"lyon"
2	"landon"
2	"jussieucliquez"
2	"jusqua"
2	"jour"
2	"jolie"
2	"joffre"
2	"janvier"
2	"idf"
2	"ibis"
2	"hdv"
2	"haute"
2	"grandes"
2	"gisors"
2	"gagny"
2	"front"
2	"fer"
2	"face"
2	"exup\u00e9ry"
2	"evry"
2	"europe"
2	"egreville"
2	"edf"
2	"d\u00e9parts"
2	"dreux"
2	"dourdan"
2	"details"
2	"desservisdu"
2	"deplacer"
2	"creil"
2	"coll\u00e8ge"
2	"cliquez"
2	"clichy"
2	"claude"
2	"chenay"
2	"chelles"
2	"chatenay"
2	"chamfleury"
2	"chaleil"
2	"cea"
2	"canalisation"
2	"b\u00e2timent"
2	"bras"
2	"boucles"
2	"boissy"
2	"bld"
2	"berny"
2	"belloy"
2	"bd"
2	"barbara"
2	"avanc\u00e9e"
2	"auffray"
2	"assainissement"
2	"asni\u00e8res"
2	"angle"
2	"ancienne"
2	"all\u00e9e"
2	"alerte"
2	"albert"
1	"\u00e9tudiante"
1	"wathlingen"
1	"wagram"
1	"v\u00e9lizy"
1	"voyageurs"
1	"vincia"
1	"villeparisis"
1	"villelyc\u00e9e"
1	"viii"
1	"victor"
1	"vesinet"
1	"vauve"
1	"vaucresson"
1	"valquiou"
1	"vall\u00e9es"
1	"universit\u00e9"
1	"unique"
1	"travauxde"
1	"tram"
1	"trajet"
1	"torcy"
1	"toit"
1	"thorigny"
1	"terrasseguiberth\u00f4tel"
1	"tassigny"
1	"supprim\u00e9s"
1	"supprim\u00e9"
1	"suivante"
1	"ste"
1	"stcloud"
1	"soisy"
1	"soir"
1	"soie"
1	"serviceveuillez"
1	"secteur"
1	"secondaire"
1	"sec"
1	"scolaire"
1	"schweitzer"
1	"sausset"
1	"sartre"
1	"salvador"
1	"salon"
1	"rues"
1	"rond"
1	"rom\u00e9ro"
1	"roissyp\u00f4ledu"
1	"roissy"
1	"rocquencourt"
1	"risque"
1	"retrouvent"
1	"retard"
1	"restructurationde"
1	"repositionn\u00e9"
1	"ren\u00e9"
1	"rendre"
1	"rendez"
1	"raymond"
1	"raw"
1	"ravel"
1	"ratpnous"
1	"p\u00f4le"
1	"p\u00e9riode"
1	"puits"
1	"puis"
1	"public"
1	"proximit\u00e9cliquez"
1	"prince"
1	"prendre"
1	"poste"
1	"pont"
1	"polytechnique"
1	"poincar\u00e9"
1	"pmr"
1	"plessis"
1	"petit"
1	"par\u00e9"
1	"parly"
1	"parcours"
1	"pantin"
1	"panoramique"
1	"palier"
1	"pagnol"
1	"page"
1	"ouest"
1	"ouen"
1	"ormesson"
1	"olympiades"
1	"observ\u00e9s"
1	"nuits"
1	"nouvelle"
1	"nouveau"
1	"normande"
1	"normalement"
1	"nom"
1	"nation"
1	"moulin"
1	"monument"
1	"montparnasse"
1	"montgolfier"
1	"montessuy"
1	"mois"
1	"modifi\u00e9s"
1	"modernisation"
1	"mobilites"
1	"mitelles"
1	"mirville"
1	"minh"
1	"michel"
1	"mgr"
1	"message"
1	"maurice"
1	"mauberger"
1	"matinsuite"
1	"matinreprise"
1	"mar\u00e9chaux"
1	"mar\u00e9chal"
1	"martin"
1	"marseille"
1	"marquent"
1	"marne"
1	"marly"
1	"marcel"
1	"mani\u00e8re"
1	"manifestation"
1	"malesherbes"
1	"magasins"
1	"magasin"
1	"luzarches"
1	"lucien"
1	"louvres"
1	"louvainnous"
1	"locales"
1	"limit\u00e9e"
1	"lilas"
1	"lieusaint"
1	"lieu"
1	"lidl"
1	"lib\u00e9ration"
1	"libre"
1	"leonard"
1	"leger"
1	"lattre"
1	"lagny"
1	"lac"
1	"kieffer"
1	"jpg"
1	"jours"
1	"joie"
1	"jacques"
1	"inclusveuillez"
1	"image"
1	"iledefrance"
1	"houilles"
1	"horaire"
1	"havre"
1	"hauteur"
1	"halle"
1	"hakeim"
1	"habituel"
1	"guichetdu"
1	"groupe"
1	"grille"
1	"gratien"
1	"grande"
1	"gonse"
1	"giratoires"
1	"genevi\u00e8ve"
1	"garemont\u00e9e"
1	"gambettal"
1	"frnous"
1	"fresnel"
1	"franconville"
1	"fontanier"
1	"fontainebleau"
1	"fera"
1	"exp\u00e9rimentation"
1	"expositionsa"
1	"expositions"
1	"exceptionnellement"
1	"etampes"
1	"espace"
1	"epinay"
1	"entrainer"
1	"empruntera"
1	"effectu\u00e9"
1	"duchesne"
1	"drancy"
1	"dispositions"
1	"disponibles"
1	"disponible"
1	"detail"
1	"dessousnous"
1	"desservisreport"
1	"desservisle"
1	"desserte"
1	"dessert"
1	"descente"
1	"delouvrier"
1	"daguerre"
1	"cyrano"
1	"cyclable"
1	"cr\u00e9neau"
1	"croizat"
1	"cramayel"
1	"cr"
1	"cours"
1	"cour"
1	"coudr\u00e9es"
1	"cot\u00e9"
1	"correspondances"
1	"corps"
1	"corneillela"
1	"corbeil"
1	"commandant"
1	"combattants"
1	"cloudl"
1	"cloud"
1	"cliquer"
1	"clamart"
1	"circulera"
1	"circuler"
1	"circulationa"
1	"cimeti\u00e8re"
1	"ch\u00eanes"
1	"christophe"
1	"chin"
1	"chesnay"
1	"chennevi\u00e8res"
1	"chaville"
1	"chapelle"
1	"chantier"
1	"changement"
1	"champmesnil"
1	"cernay"
1	"cdg"
1	"caumartin"
1	"castorama"
1	"carrieres"
1	"carrefour"
1	"bv"
1	"bussie"
1	"buc"
1	"bruy\u00e8res"
1	"brunoy"
1	"briaude"
1	"briard"
1	"bret\u00e8che"
1	"bretelle"
1	"brassens"
1	"boussy"
1	"bourget"
1	"bourg"
1	"boulangerie"
1	"bouchard"
1	"bondoufle"
1	"bir"
1	"bienvenue"
1	"bezons"
1	"bergerac"
1	"beaudottes"
1	"barre"
1	"barrachin"
1	"barbusse"
1	"bande"
1	"bancel"
1	"ballainvilliers"
1	"a\u00e9roport"
1	"avenir"
1	"avaul\u00e9e"
1	"av"
1	"aulnay"
1	"aubergenville"
1	"aubade"
1	"astrid"
1	"associationsnous"
1	"associations"
1	"arriv\u00e9es"
1	"api"
1	"ambroise"
1	"allong\u00e9s"
1	"allende"
1	"affaissement"
1	"adieux"
1	"accident"
